[
  {
    "value": "grameenphone",
    "synonyms": [
      "gp",
      "grameenphone"
    ]
  },
  {
    "value": "operator",
    "synonyms": [
      "operator"
    ]
  },
  {
    "value": "airtel",
    "synonyms": [
      "at",
      "airtel"
    ]
  },
  {
    "value": "banglalink",
    "synonyms": [
      "bl",
      "banglalink"
    ]
  },
  {
    "value": "robi",
    "synonyms": [
      "robi"
    ]
  },
  {
    "value": "telitalk",
    "synonyms": [
      "tt",
      "telitalk"
    ]
  }
]