[
  {
    "value": "Banking Query",
    "synonyms": [
      "Banking Query"
    ]
  },
  {
    "value": "General Information",
    "synonyms": [
      "General Information"
    ]
  },
  {
    "value": "service",
    "synonyms": [
      "service",
      "services",
      "help",
      "helps",
      "menu",
      "menus",
      "topic",
      "topics"
    ]
  },
  {
    "value": "About Bank",
    "synonyms": [
      "About Bank"
    ]
  },
  {
    "value": "Terms And Conditions",
    "synonyms": [
      "Terms And Conditions"
    ]
  }
]