[
  {
    "id": "957b7fe0-21bf-4961-aac5-5167406a4612",
    "data": [
      {
        "text": "balance check",
        "alias": "balance",
        "meta": "@balance",
        "userDefined": true
      }
    ],
    "isTemplate": false,
    "count": 0,
    "updated": 1538555726
  },
  {
    "id": "4458031c-0ba9-41fd-a292-4948a7e5d491",
    "data": [
      {
        "text": "check my ",
        "userDefined": false
      },
      {
        "text": "balance",
        "alias": "balance",
        "meta": "@balance",
        "userDefined": false
      }
    ],
    "isTemplate": false,
    "count": 0,
    "updated": 1537089443
  },
  {
    "id": "b3d77109-0c98-465c-83e7-057587ad8052",
    "data": [
      {
        "text": "balance",
        "alias": "balance",
        "meta": "@balance",
        "userDefined": true
      }
    ],
    "isTemplate": false,
    "count": 0,
    "updated": 1536809793
  },
  {
    "id": "d2483c65-12d9-4466-a74e-7bb17c80d31e",
    "data": [
      {
        "text": "Show my ",
        "userDefined": false
      },
      {
        "text": "balance",
        "alias": "balance",
        "meta": "@balance",
        "userDefined": true
      }
    ],
    "isTemplate": false,
    "count": 0,
    "updated": 1536798383
  },
  {
    "id": "4eeb35d0-d3b7-4aa8-9c29-ce23e97f3ebe",
    "data": [
      {
        "text": "I want to know my account ",
        "userDefined": false
      },
      {
        "text": "balance",
        "alias": "balance",
        "meta": "@balance",
        "userDefined": true
      }
    ],
    "isTemplate": false,
    "count": 0,
    "updated": 1536798383
  }
]