[
  {
    "id": "e551ae4d-249d-4d8d-b67a-2253ab1ebdae",
    "data": [
      {
        "text": "25",
        "alias": "pages",
        "meta": "@sys.number",
        "userDefined": true
      },
      {
        "text": " page",
        "userDefined": false
      }
    ],
    "isTemplate": false,
    "count": 0,
    "updated": 1540871798
  },
  {
    "id": "8368962a-4ae0-40f7-a841-8f06137f0ff8",
    "data": [
      {
        "text": "20",
        "alias": "pages",
        "meta": "@sys.number",
        "userDefined": true
      }
    ],
    "isTemplate": false,
    "count": 0,
    "updated": 1540871798
  }
]