[
  {
    "id": "12200f11-f15e-4946-9892-21c5320e6f90",
    "data": [
      {
        "text": "cheque book request",
        "alias": "cheque_book_request",
        "meta": "@cheque_book_request",
        "userDefined": true
      }
    ],
    "isTemplate": false,
    "count": 0,
    "updated": 1540188168
  },
  {
    "id": "1b6773fa-a667-4872-aa53-0bc2d67c0550",
    "data": [
      {
        "text": "I need ",
        "userDefined": false
      },
      {
        "text": "cheque book",
        "alias": "cheque_book_request",
        "meta": "@cheque_book_request",
        "userDefined": true
      }
    ],
    "isTemplate": false,
    "count": 0,
    "updated": 1540188168
  }
]