[
  {
    "id": "6061684b-44a1-4951-bf69-eea01a637431",
    "data": [
      {
        "text": "history",
        "alias": "history",
        "meta": "@history",
        "userDefined": true
      }
    ],
    "isTemplate": false,
    "count": 0,
    "updated": 1538981101
  },
  {
    "id": "954d7b92-1ded-4303-aeef-d876cd853533",
    "data": [
      {
        "text": "Show ",
        "userDefined": false
      },
      {
        "text": "history",
        "alias": "history",
        "meta": "@history",
        "userDefined": true
      }
    ],
    "isTemplate": false,
    "count": 2,
    "updated": 1538904417
  }
]