[
  {
    "id": "82b47ace-ee5e-4dfe-8322-f3c22cc1639e",
    "data": [
      {
        "text": "I want to ",
        "userDefined": false
      },
      {
        "text": "logout",
        "alias": "logout",
        "meta": "@logout",
        "userDefined": true
      }
    ],
    "isTemplate": false,
    "count": 0,
    "updated": 1540875095
  },
  {
    "id": "c94d0d0a-7c17-493a-8f43-81459db803bb",
    "data": [
      {
        "text": "logout",
        "alias": "logout",
        "meta": "@logout",
        "userDefined": true
      }
    ],
    "isTemplate": false,
    "count": 0,
    "updated": 1540875095
  }
]