[
  {
    "id": "11aa9019-7847-4b08-91f8-d8d60653ba40",
    "data": [
      {
        "text": "tell me ",
        "userDefined": false
      },
      {
        "text": "about bank",
        "alias": "service",
        "meta": "@service",
        "userDefined": true
      }
    ],
    "isTemplate": false,
    "count": 0,
    "updated": 1540203220
  },
  {
    "id": "6a8ca68b-443a-4051-81b4-447db76299ae",
    "data": [
      {
        "text": "Terms And Conditions",
        "alias": "service",
        "meta": "@service",
        "userDefined": true
      }
    ],
    "isTemplate": false,
    "count": 0,
    "updated": 1540203220
  },
  {
    "id": "96b1dea1-ddf4-411d-8860-ca3a860c6a89",
    "data": [
      {
        "text": "About Bank",
        "alias": "service",
        "meta": "@service",
        "userDefined": true
      }
    ],
    "isTemplate": false,
    "count": 0,
    "updated": 1540203220
  },
  {
    "id": "b9d060c1-7278-4f21-96d5-d3703638b87f",
    "data": [
      {
        "text": "General Information",
        "alias": "service",
        "meta": "@service",
        "userDefined": true
      }
    ],
    "isTemplate": false,
    "count": 0,
    "updated": 1539155470
  },
  {
    "id": "c61d59df-2661-48f5-afbd-2f427419b233",
    "data": [
      {
        "text": "helps",
        "alias": "service",
        "meta": "@service",
        "userDefined": true
      }
    ],
    "isTemplate": false,
    "count": 0,
    "updated": 1539145935
  },
  {
    "id": "f2e351ce-bf71-4736-ba79-e8c39c75daf1",
    "data": [
      {
        "text": "services",
        "alias": "service",
        "meta": "@service",
        "userDefined": true
      }
    ],
    "isTemplate": false,
    "count": 0,
    "updated": 1539145935
  },
  {
    "id": "a8cc1895-b0d5-4e44-b397-c33fc8fcdc98",
    "data": [
      {
        "text": "how can you ",
        "userDefined": false
      },
      {
        "text": "help",
        "alias": "service",
        "meta": "@service",
        "userDefined": true
      },
      {
        "text": " me?",
        "userDefined": false
      }
    ],
    "isTemplate": false,
    "count": 0,
    "updated": 1538549322
  },
  {
    "id": "053207d7-3a56-4ea9-be4d-f9075bdac382",
    "data": [
      {
        "text": "Banking Query",
        "alias": "service",
        "meta": "@service",
        "userDefined": true
      }
    ],
    "isTemplate": false,
    "count": 0,
    "updated": 1539153864
  },
  {
    "id": "bf829608-0319-44ac-8076-369375440b0d",
    "data": [
      {
        "text": "What kind of ",
        "userDefined": false
      },
      {
        "text": "service",
        "alias": "service",
        "meta": "@service",
        "userDefined": true
      },
      {
        "text": " you provide.",
        "userDefined": false
      }
    ],
    "isTemplate": false,
    "count": 0,
    "updated": 1538548848
  }
]