[
  {
    "id": "1707c209-b4ce-4349-a6fd-840cd9b683db",
    "data": [
      {
        "text": "123456",
        "alias": "sv_code",
        "meta": "@sys.number",
        "userDefined": true
      }
    ],
    "isTemplate": false,
    "count": 0,
    "updated": 1540180440
  },
  {
    "id": "6fe8a289-20b9-4310-b051-5a6a9569fb08",
    "data": [
      {
        "text": "my verification code is ",
        "userDefined": false
      },
      {
        "text": "123456",
        "alias": "sv_code",
        "meta": "@sys.number",
        "userDefined": true
      }
    ],
    "isTemplate": false,
    "count": 0,
    "updated": 1540179162
  }
]