[
  {
    "id": "9013ca2a-2fa8-488a-bd73-eb4cf8188cd3",
    "data": [
      {
        "text": "please ",
        "userDefined": false
      },
      {
        "text": "stop check",
        "alias": "stop_check",
        "meta": "@stop_check",
        "userDefined": true
      }
    ],
    "isTemplate": false,
    "count": 0,
    "updated": 1540178926
  },
  {
    "id": "fddfcc70-b5bc-46a6-b89d-55ddf8c11cb2",
    "data": [
      {
        "text": "Stop Card",
        "alias": "stop_check",
        "meta": "@stop_check",
        "userDefined": true
      }
    ],
    "isTemplate": false,
    "count": 0,
    "updated": 1540178926
  },
  {
    "id": "e1550659-5113-47ac-8d92-827d96e39a7f",
    "data": [
      {
        "text": "I want to ",
        "userDefined": false
      },
      {
        "text": "stop my check",
        "alias": "stop_check",
        "meta": "@stop_check",
        "userDefined": true
      }
    ],
    "isTemplate": false,
    "count": 0,
    "updated": 1540178926
  },
  {
    "id": "a98cfd2e-0be4-47c9-8ad5-dfc6b5008b6b",
    "data": [
      {
        "text": "Stop Check",
        "alias": "stop_check",
        "meta": "@stop_check",
        "userDefined": true
      }
    ],
    "isTemplate": false,
    "count": 0,
    "updated": 1540178926
  }
]