[
  {
    "id": "e789e619-f5a6-4081-8a12-8fce6c945cc9",
    "data": [
      {
        "text": "my account number is ",
        "userDefined": false
      },
      {
        "text": "1234567890",
        "alias": "account_no",
        "meta": "@sys.number",
        "userDefined": true
      }
    ],
    "isTemplate": false,
    "count": 0,
    "updated": 1540185505
  },
  {
    "id": "a50d07e4-2b54-4afd-8935-559f6168070d",
    "data": [
      {
        "text": "1234567890",
        "alias": "account_no",
        "meta": "@sys.number",
        "userDefined": true
      }
    ],
    "isTemplate": false,
    "count": 0,
    "updated": 1540185505
  }
]