[
  {
    "id": "9d11502d-7878-4543-8896-586bf576dd86",
    "data": [
      {
        "text": "postpaid",
        "alias": "pre-post",
        "meta": "@pre-post",
        "userDefined": false
      }
    ],
    "isTemplate": false,
    "count": 0,
    "updated": 1539598565
  },
  {
    "id": "b5967e4e-d8b7-4434-b5d5-3c70b060c895",
    "data": [
      {
        "text": "prepaid",
        "alias": "pre-post",
        "meta": "@pre-post",
        "userDefined": false
      }
    ],
    "isTemplate": false,
    "count": 0,
    "updated": 1539598565
  }
]