[
  {
    "id": "eec755a1-a9ad-46da-b708-97136aee6b45",
    "data": [
      {
        "text": "10",
        "alias": "amount",
        "meta": "@sys.number",
        "userDefined": true
      },
      {
        "text": " taka",
        "userDefined": false
      }
    ],
    "isTemplate": false,
    "count": 0,
    "updated": 1540109547
  },
  {
    "id": "ba56987c-fc68-4175-9ef9-5992299fffc4",
    "data": [
      {
        "text": "100",
        "alias": "amount",
        "meta": "@sys.number",
        "userDefined": true
      }
    ],
    "isTemplate": false,
    "count": 0,
    "updated": 1539599480
  },
  {
    "id": "c77b4d8e-4cba-403b-a7b7-ab95944c00c3",
    "data": [
      {
        "text": "amount is ",
        "userDefined": false
      },
      {
        "text": "10",
        "alias": "amount",
        "meta": "@sys.number",
        "userDefined": true
      }
    ],
    "isTemplate": false,
    "count": 0,
    "updated": 1539598687
  }
]