[
  {
    "id": "b7282ebe-393e-499c-b1f8-6d89304d5f68",
    "data": [
      {
        "text": "top up",
        "alias": "topup",
        "meta": "@topup",
        "userDefined": true
      }
    ],
    "isTemplate": false,
    "count": 0,
    "updated": 1540111294
  },
  {
    "id": "d7cd561b-44a2-4156-9f4f-501de3f796b2",
    "data": [
      {
        "text": "topup",
        "alias": "topup",
        "meta": "@topup",
        "userDefined": true
      }
    ],
    "isTemplate": false,
    "count": 0,
    "updated": 1538556884
  },
  {
    "id": "ba9af5e8-eb54-4e74-984a-0a8baa8e1ce1",
    "data": [
      {
        "text": "I want ",
        "userDefined": false
      },
      {
        "text": "top up",
        "alias": "topup",
        "meta": "@topup",
        "userDefined": true
      }
    ],
    "isTemplate": false,
    "count": 0,
    "updated": 1538555882
  }
]