[
  {
    "id": "7b8cd2e7-84ee-4c91-aac2-0bafa6813b41",
    "data": [
      {
        "text": "my number is ",
        "userDefined": false
      },
      {
        "text": "01677531881",
        "alias": "number",
        "meta": "@sys.number",
        "userDefined": true
      }
    ],
    "isTemplate": false,
    "count": 0,
    "updated": 1539951388
  },
  {
    "id": "73a6f43f-2ce6-4128-85d7-741593796ea8",
    "data": [
      {
        "text": "01677531881",
        "alias": "number",
        "meta": "@sys.number",
        "userDefined": true
      }
    ],
    "isTemplate": false,
    "count": 0,
    "updated": 1539951388
  }
]