[
  {
    "id": "11bbace2-fc28-48b2-82cc-0100af299b72",
    "data": [
      {
        "text": "it\u0027s ",
        "userDefined": false
      },
      {
        "text": "robi",
        "alias": "operator-name",
        "meta": "@operator-name",
        "userDefined": true
      }
    ],
    "isTemplate": false,
    "count": 0,
    "updated": 1540111867
  },
  {
    "id": "2b0f955a-cca0-4974-bd48-e7130c13a998",
    "data": [
      {
        "text": "gp",
        "alias": "operator-name",
        "meta": "@operator-name",
        "userDefined": true
      },
      {
        "text": " number",
        "userDefined": false
      }
    ],
    "isTemplate": false,
    "count": 0,
    "updated": 1540111867
  },
  {
    "id": "431f1b8a-fe5d-41c5-83d4-71c85c0d0e87",
    "data": [
      {
        "text": "it is ",
        "userDefined": false
      },
      {
        "text": "grameenphone",
        "alias": "operator-name",
        "meta": "@operator-name",
        "userDefined": true
      }
    ],
    "isTemplate": false,
    "count": 0,
    "updated": 1539951482
  },
  {
    "id": "aa2c39e1-72df-400c-85e3-05904abb1793",
    "data": [
      {
        "text": "it\u0027s ",
        "userDefined": false
      },
      {
        "text": "airtel",
        "alias": "operator-name",
        "meta": "@operator-name",
        "userDefined": true
      }
    ],
    "isTemplate": false,
    "count": 0,
    "updated": 1539951482
  },
  {
    "id": "aa570cc9-bf82-4a99-9fa6-aca9d409e5de",
    "data": [
      {
        "text": "robi",
        "alias": "operator-name",
        "meta": "@operator-name",
        "userDefined": false
      },
      {
        "text": " ",
        "userDefined": false
      },
      {
        "text": "airtel",
        "alias": "operator-name",
        "meta": "@operator-name",
        "userDefined": true
      },
      {
        "text": " ",
        "userDefined": false
      },
      {
        "text": "at",
        "alias": "operator-name",
        "meta": "@operator-name",
        "userDefined": true
      },
      {
        "text": " ",
        "userDefined": false
      },
      {
        "text": "bl",
        "alias": "operator-name",
        "meta": "@operator-name",
        "userDefined": true
      },
      {
        "text": " ",
        "userDefined": false
      },
      {
        "text": "banglalink",
        "alias": "operator-name",
        "meta": "@operator-name",
        "userDefined": true
      },
      {
        "text": " ",
        "userDefined": false
      },
      {
        "text": "tt",
        "alias": "operator-name",
        "meta": "@operator-name",
        "userDefined": true
      },
      {
        "text": " ",
        "userDefined": false
      },
      {
        "text": "telitalk",
        "alias": "operator-name",
        "meta": "@operator-name",
        "userDefined": true
      },
      {
        "text": " ",
        "userDefined": false
      },
      {
        "text": "gp",
        "alias": "operator-name",
        "meta": "@operator-name",
        "userDefined": true
      },
      {
        "text": " ",
        "userDefined": false
      },
      {
        "text": "grameenphone",
        "alias": "operator-name",
        "meta": "@operator-name",
        "userDefined": true
      }
    ],
    "isTemplate": false,
    "count": 0,
    "updated": 1538567138
  }
]