[
  {
    "id": "31da8152-96b5-47d6-9e9c-1e865cc2a732",
    "data": [
      {
        "text": "1234567890",
        "alias": "account_no",
        "meta": "@sys.number",
        "userDefined": true
      }
    ],
    "isTemplate": false,
    "count": 0,
    "updated": 1540866208
  },
  {
    "id": "c0f683ba-4fdb-4037-9552-06c93c2a6ced",
    "data": [
      {
        "text": "my account no ",
        "userDefined": false
      },
      {
        "text": "1234567890",
        "alias": "account_no",
        "meta": "@sys.number",
        "userDefined": true
      }
    ],
    "isTemplate": false,
    "count": 0,
    "updated": 1540866208
  }
]