[
  {
    "id": "bd086f96-f468-4f42-a774-6a601de8956e",
    "data": [
      {
        "text": "log in",
        "alias": "login",
        "meta": "@login",
        "userDefined": true
      },
      {
        "text": " me",
        "userDefined": false
      }
    ],
    "isTemplate": false,
    "count": 0,
    "updated": 1540703648
  },
  {
    "id": "6b02b7d9-41ec-4aab-ab49-dbe4da946722",
    "data": [
      {
        "text": "login",
        "alias": "login",
        "meta": "@login",
        "userDefined": true
      }
    ],
    "isTemplate": false,
    "count": 0,
    "updated": 1540703648
  },
  {
    "id": "3f06bfd5-4fd0-4e1a-b050-81bbfe8ce910",
    "data": [
      {
        "text": "I want to ",
        "userDefined": false
      },
      {
        "text": "login",
        "alias": "login",
        "meta": "@login",
        "userDefined": true
      }
    ],
    "isTemplate": false,
    "count": 0,
    "updated": 1540703648
  }
]