[
  {
    "id": "ad3f1ba2-53c0-4100-ab7f-daea1b2ea0a6",
    "data": [
      {
        "text": "verify code ",
        "userDefined": false
      },
      {
        "text": "123456",
        "alias": "v_code",
        "meta": "@sys.number",
        "userDefined": true
      }
    ],
    "isTemplate": false,
    "count": 0,
    "updated": 1540708847
  },
  {
    "id": "8554e484-e393-4eee-b851-82e162041d96",
    "data": [
      {
        "text": "123456",
        "alias": "v_code",
        "meta": "@sys.number",
        "userDefined": true
      }
    ],
    "isTemplate": false,
    "count": 0,
    "updated": 1540708847
  }
]